:START_ID(Volume);:END_ID(Year)
256;2015
5;2017
51;2015
269;2015
4;2016
2;2015
24;2015
8;2015
17;2017
23;2015
16;2015
12;2015
17;2015
271;2015
29;2015
260;2015
254;2015
26;2015
255;2015
64;2017
64;2015
9;2015
65;2018
10;2015
264;2015
261;2015
50;2015
252;2015
45;2015
63;2016
14;2015
251;2015
22;2015
263;2015
62-II;2015
4;2015
1;2015
29;2018
6;2018
250;2015
267;2015
7;2019
15;2015
18;2018
58;2015
30;2019
16;2016
257;2015
53;2015
253;2015
32;2015
265;2015
28;2017
266;2015
27;2015
48;2015
262;2015
259;2015
62;2015
19;2015
11;2015
27;2016
25;2015
34;2015
63;2015
258;2015
33;2015
3;2015
21;2015
268;2015
61;2015
270;2015
